year,prevalence_est,lower_95,upper_95,method
2012,0.3218707015130674,0.2977991746905089,0.3459422283356259,Observed (NHANES)
2014,0.23385167464114834,0.21409988038277514,0.2541866028708134,Observed (NHANES)
2016,0.14583264776922533,,,Linear Trend
2018,0.05781362089730635,,,Linear Trend
2020,-0.03020540597461263,,,Linear Trend
2022,-0.11822443284653161,,,Linear Trend
2024,-0.2062434597184506,,,Linear Trend
2026,-0.2942624865903696,,,Linear Trend
2028,-0.38228151346228856,,,Linear Trend
2030,-0.47030054033420754,,,Linear Trend
